id,name,dept,salary,age
1,Aicha,Finance,23360.95,49
2,Alex,Marketing,15937.03,20
3,Sara,HR,51267.74,26
4,Yassine,Marketing,20513.15,59
5,Vanessa,Engineering,45458.66,21
6,Hiba,Engineering,76595.38,51
7,Mohammed,HR,51931.62,46
8,Aicha,Sales,31993.12,49
9,Aicha,Sales,9445.54,28
10,Mariam,Sales,51811.98,48
11,Sara,Sales,32810.12,41
12,Sara,Engineering,79755.94,35
13,Vanessa,Sales,76577.33,48
14,Mariam,Sales,36971.89,41
15,Yassine,HR,64654.26,37
16,Amina,Engineering,34611.80,36
17,Omar,Marketing,36465.09,58
18,Aicha,Finance,76515.80,26
19,Sara,Sales,29153.62,20
20,Vanessa,Engineering,41605.68,24
21,Omar,Sales,74070.59,36
22,Omar,HR,16730.37,30
23,Aicha,Engineering,55222.35,58
24,Hiba,HR,43922.90,58
25,Alex,Finance,52027.42,33
26,Omar,Sales,10211.27,25
27,Mohammed,Finance,20760.59,35
28,Mohammed,HR,76843.52,58
29,Hiba,HR,56679.55,31
30,Sara,Marketing,66244.86,44
31,Mohammed,Finance,43865.54,27
32,Sara,Finance,59257.61,49
33,Amina,Engineering,32787.68,30
34,Omar,Sales,42930.57,45
35,Hiba,Sales,13106.91,29
36,Mariam,HR,41848.03,43
37,Mohammed,Finance,28641.78,25
38,Omar,Sales,32411.43,33
39,Amina,Sales,52246.40,44
40,Mohammed,Marketing,46178.45,31
41,Amina,Sales,25779.51,33
42,Amina,Engineering,54258.65,41
43,Alex,Finance,12676.21,22
44,Yassine,Engineering,12066.48,53
45,Hiba,Sales,20717.37,42
46,Mariam,Sales,21157.34,23
47,Omar,Engineering,63511.84,32
48,Sara,HR,50378.68,44
49,Mariam,Sales,44747.66,46
50,Sara,HR,41977.71,44
51,Vanessa,Marketing,19956.08,27
52,Mariam,Marketing,33480.81,47
53,Yassine,Engineering,78260.99,47
54,Yassine,Marketing,49629.10,47
55,Amina,Marketing,29138.13,20
56,Vanessa,Engineering,32865.60,36
57,Aicha,HR,68166.85,57
58,Mariam,Engineering,11446.45,43
59,Vanessa,Finance,25630.72,50
60,Mohammed,Finance,13937.40,32
61,Aicha,Finance,18372.37,44
62,Aicha,Marketing,20040.27,45
63,Alex,Finance,33393.03,33
64,Mariam,Finance,30660.22,34
65,Yassine,Finance,25139.41,39
66,Alex,HR,51464.32,40
67,Vanessa,HR,36735.15,44
68,Alex,Sales,54999.53,26
69,Omar,Engineering,52290.51,24
70,Alex,HR,29261.29,38
71,Mohammed,Engineering,70433.70,48
72,Sara,Engineering,51160.23,53
73,Yassine,Engineering,62122.30,41
74,Aicha,Marketing,70597.63,53
75,Yassine,Marketing,49355.98,36
76,Aicha,Engineering,60019.54,56
77,Aicha,HR,46579.72,30
78,Aicha,Engineering,20585.02,28
79,Sara,Engineering,62504.73,21
80,Hiba,Sales,56476.82,54
81,Vanessa,Sales,37441.60,58
82,Vanessa,HR,10420.88,57
83,Aicha,Engineering,55534.33,47
84,Omar,Finance,41417.70,23
85,Mariam,Finance,21288.38,32
86,Amina,Marketing,54703.62,41
87,Mariam,Engineering,78395.44,38
88,Yassine,Finance,30470.42,31
89,Amina,Marketing,67810.67,37
90,Mohammed,Sales,32853.15,58
91,Aicha,Finance,48346.78,27
92,Hiba,HR,45693.09,56
93,Mariam,Marketing,31144.09,51
94,Omar,Sales,33783.53,55
95,Mohammed,HR,71261.40,43
96,Hiba,Sales,29874.17,29
97,Vanessa,HR,35575.71,50
98,Alex,Finance,13746.16,33
99,Aicha,Sales,74710.43,42
100,Yassine,Finance,18481.48,20
101,Sara,Finance,46981.90,32
102,Hiba,Sales,59627.18,54
103,Alex,Finance,76110.15,29
104,Mariam,Engineering,13808.04,47
105,Hiba,HR,17170.64,39
106,Amina,HR,32107.07,25
107,Aicha,HR,32278.56,46
108,Aicha,Engineering,60013.68,23
109,Alex,HR,56984.79,38
110,Mohammed,Engineering,24261.52,53
111,Yassine,HR,73696.41,41
112,Yassine,Engineering,59150.85,44
113,Sara,Engineering,60270.48,57
114,Amina,Marketing,71815.41,31
115,Mariam,Engineering,58863.57,20
116,Hiba,Sales,13617.42,29
117,Aicha,HR,76948.63,27
118,Omar,Marketing,30894.95,47
119,Amina,Engineering,47267.59,36
120,Mohammed,Sales,62651.03,25
121,Aicha,HR,11390.88,58
122,Mariam,Finance,18420.72,26
123,Mohammed,Finance,52144.46,35
124,Vanessa,Marketing,18444.48,39
125,Sara,Engineering,31666.67,58
126,Mariam,Sales,17035.97,31
127,Hiba,HR,19545.48,46
128,Mohammed,Marketing,36321.49,24
129,Mohammed,Sales,41188.64,50
130,Amina,HR,13583.20,52
131,Aicha,Finance,11986.06,20
132,Mohammed,Sales,30394.16,46
133,Amina,Marketing,41661.17,51
134,Vanessa,Engineering,27668.21,44
135,Vanessa,HR,11525.41,33
136,Vanessa,HR,60577.72,25
137,Sara,Engineering,59476.38,40
138,Amina,HR,67947.07,39
139,Mariam,Finance,69517.79,49
140,Mohammed,HR,52242.99,54
141,Omar,Marketing,72872.90,56
142,Hiba,Sales,12728.25,46
143,Mohammed,Engineering,48119.64,49
144,Sara,Marketing,69742.48,20
145,Mariam,HR,67972.00,23
146,Hiba,Sales,57712.18,57
147,Aicha,Marketing,48190.00,39
148,Vanessa,Marketing,19279.73,52
149,Yassine,Engineering,13551.94,27
150,Hiba,Marketing,23734.14,38
151,Mohammed,Finance,44366.68,35
152,Yassine,Finance,18954.33,44
153,Mohammed,Marketing,58061.44,51
154,Amina,HR,72896.61,32
155,Aicha,HR,24346.21,45
156,Aicha,HR,48283.98,48
157,Sara,Marketing,48475.81,59
158,Mohammed,HR,51263.99,49
159,Vanessa,Marketing,79873.99,39
160,Yassine,Finance,44181.57,37
161,Alex,Sales,67361.34,35
162,Yassine,Finance,74258.93,45
163,Sara,Engineering,74419.76,53
164,Aicha,Engineering,11475.35,43
165,Mohammed,Engineering,17754.26,46
166,Aicha,HR,30085.82,37
167,Mariam,Engineering,40356.44,23
168,Vanessa,Finance,65956.92,22
169,Aicha,Sales,38625.47,23
170,Aicha,Marketing,47076.00,29
171,Omar,HR,12684.04,48
172,Mariam,Engineering,63099.64,34
173,Mariam,Marketing,27862.22,37
174,Alex,Marketing,62091.04,42
175,Vanessa,Sales,65578.51,55
176,Mohammed,Finance,54612.57,24
177,Hiba,HR,73547.23,32
178,Vanessa,Marketing,41448.18,43
179,Amina,HR,13555.45,27
180,Alex,HR,24607.25,24
181,Mariam,Marketing,38175.93,21
182,Mohammed,Engineering,36785.95,34
183,Aicha,Sales,44703.36,45
184,Aicha,Engineering,38209.15,29
185,Alex,Marketing,78267.85,20
186,Omar,Finance,68530.73,30
187,Amina,Marketing,71768.63,54
188,Vanessa,Sales,40918.26,39
189,Alex,Sales,37169.38,34
190,Aicha,Sales,20946.77,57
191,Hiba,Marketing,70997.19,24
192,Mohammed,Engineering,22016.36,25
193,Mohammed,Marketing,64907.99,41
194,Omar,Engineering,44066.70,49
195,Omar,HR,74313.93,33
196,Vanessa,Engineering,15057.59,40
197,Mariam,Engineering,60561.61,52
198,Yassine,Marketing,51145.54,45
199,Mariam,Finance,52032.87,35
200,Omar,Marketing,52316.90,20
201,Sara,Sales,8198.15,48
202,Mohammed,Marketing,50822.99,37
203,Sara,Finance,23847.34,40
204,Sara,Marketing,19482.76,38
205,Amina,Engineering,49087.79,44
206,Hiba,Finance,15205.88,46
207,Vanessa,Marketing,40981.69,33
208,Vanessa,Marketing,57469.54,37
209,Alex,Marketing,14291.20,25
210,Yassine,HR,50008.05,33
211,Sara,Sales,16353.28,45
212,Yassine,Marketing,25715.83,38
213,Omar,Marketing,12200.14,21
214,Amina,Sales,23248.70,30
215,Aicha,Sales,61277.93,23
216,Alex,Marketing,67581.19,24
217,Mariam,Finance,8097.95,34
218,Vanessa,Engineering,56476.10,34
219,Yassine,Engineering,64161.23,34
220,Aicha,Engineering,9430.17,49
221,Omar,Finance,75887.19,37
222,Mariam,Marketing,53840.13,26
223,Aicha,Engineering,40885.78,55
224,Omar,HR,62801.89,32
225,Vanessa,Sales,25994.88,25
226,Mariam,HR,79499.42,27
227,Vanessa,Marketing,48987.22,54
228,Yassine,Marketing,47931.72,48
229,Alex,Sales,51933.23,35
230,Aicha,HR,43854.98,23
231,Vanessa,Marketing,41593.75,57
232,Vanessa,Sales,69170.58,53
233,Mariam,Marketing,24510.42,31
234,Mohammed,Marketing,12116.66,53
235,Yassine,Sales,60491.71,28
236,Vanessa,Finance,47013.49,22
237,Aicha,Marketing,36321.93,24
238,Omar,Marketing,52020.98,54
239,Sara,HR,63206.91,33
240,Yassine,HR,26103.96,31
241,Yassine,Marketing,18604.60,45
242,Sara,Sales,31541.93,55
243,Omar,HR,43915.59,33
244,Mariam,Marketing,70451.22,49
245,Amina,Engineering,26121.62,31
246,Mohammed,Marketing,65710.32,31
247,Yassine,Marketing,58202.66,22
248,Sara,Finance,71034.20,41
249,Omar,Sales,73414.06,48
250,Sara,Engineering,78845.71,47
251,Vanessa,Sales,13676.43,52
252,Aicha,HR,73946.98,41
253,Yassine,Sales,21071.98,54
254,Sara,Marketing,78396.73,41
255,Mariam,Finance,17360.97,46
256,Vanessa,Marketing,40365.99,23
257,Sara,Sales,14842.85,54
258,Alex,Sales,34095.47,46
259,Mohammed,HR,24377.26,22
260,Sara,Sales,14116.62,31
261,Mohammed,Finance,20225.00,53
262,Alex,Marketing,73298.00,48
263,Hiba,Engineering,33075.44,21
264,Yassine,Marketing,19836.88,47
265,Yassine,Finance,49136.72,32
266,Yassine,Finance,69370.16,24
267,Vanessa,Finance,42500.73,25
268,Mariam,Finance,36156.33,47
269,Alex,HR,15375.85,28
270,Omar,Sales,35075.06,53
271,Alex,Finance,34496.72,45
272,Vanessa,Engineering,27529.44,26
273,Vanessa,HR,29586.82,48
274,Vanessa,Sales,42539.52,49
275,Omar,Engineering,15131.57,50
276,Hiba,Sales,61111.98,54
277,Yassine,Marketing,65651.95,55
278,Amina,Engineering,60060.74,25
279,Yassine,Marketing,73355.32,28
280,Hiba,Marketing,59197.40,44
281,Mariam,Sales,55766.25,42
282,Alex,Engineering,65425.68,57
283,Mohammed,Sales,74370.72,24
284,Hiba,HR,35214.81,44
285,Sara,HR,27511.63,42
286,Sara,Engineering,46342.50,33
287,Alex,HR,13255.91,43
288,Hiba,Sales,32232.33,23
289,Mariam,Finance,77210.92,45
290,Mohammed,Engineering,20940.96,40
291,Amina,Sales,19674.72,29
292,Aicha,Finance,33535.31,26
293,Amina,Finance,31536.20,39
294,Mohammed,Sales,54125.26,36
295,Aicha,Finance,14430.84,42
296,Mohammed,HR,47511.25,20
297,Aicha,Marketing,63213.91,48
298,Omar,Marketing,15022.42,42
299,Mohammed,Marketing,17174.43,34
300,Yassine,Marketing,24246.74,52
301,Aicha,Engineering,77782.47,53
302,Sara,Engineering,42151.90,56
303,Sara,Finance,14385.52,55
304,Omar,HR,23529.74,34
305,Vanessa,Finance,45410.24,55
306,Alex,Finance,42660.41,36
307,Hiba,Marketing,45097.20,37
308,Aicha,Sales,22078.62,24
309,Omar,Marketing,29095.32,48
310,Omar,Marketing,19560.51,56
311,Amina,Marketing,10564.02,30
312,Vanessa,Finance,48639.15,21
313,Yassine,Sales,12086.96,21
314,Vanessa,Engineering,67044.64,20
315,Vanessa,Finance,53737.17,44
316,Alex,HR,70079.42,53
317,Alex,Finance,24662.67,37
318,Yassine,Finance,64409.25,32
319,Alex,HR,34108.29,32
320,Mohammed,Engineering,32870.61,31
321,Sara,Marketing,64661.19,32
322,Mariam,Sales,24828.11,29
323,Yassine,HR,40988.61,48
324,Omar,Marketing,19597.14,20
325,Mohammed,Marketing,18228.31,37
326,Aicha,Finance,54200.90,46
327,Amina,Sales,63979.81,46
328,Sara,Marketing,76742.48,57
329,Vanessa,Finance,69526.47,50
330,Mariam,HR,34735.67,40
331,Mohammed,Sales,70277.37,52
332,Mariam,Engineering,61424.97,50
333,Mariam,Finance,14760.62,31
334,Alex,HR,34091.09,42
335,Yassine,HR,8157.77,29
336,Alex,Finance,34612.14,35
337,Vanessa,Sales,76475.70,29
338,Alex,Finance,53220.66,27
339,Omar,Sales,68796.13,37
340,Yassine,Engineering,76348.97,28
341,Yassine,Finance,60008.03,39
342,Mariam,Marketing,27065.62,23
343,Mariam,Sales,73323.29,57
344,Amina,Finance,58546.94,55
345,Mariam,HR,36166.82,51
346,Hiba,HR,69599.35,53
347,Amina,HR,56269.15,41
348,Omar,Marketing,64873.08,48
349,Sara,Sales,57255.00,35
350,Sara,HR,39223.65,24
351,Omar,Sales,52384.22,27
352,Omar,Sales,73353.09,34
353,Mariam,Sales,57604.97,29
354,Sara,Sales,40069.98,55
355,Omar,Finance,28042.77,26
356,Aicha,Engineering,63686.36,50
357,Mohammed,HR,12725.08,58
358,Omar,HR,48405.53,27
359,Omar,HR,56390.83,36
360,Vanessa,Finance,58315.74,50
361,Amina,Engineering,18372.94,35
362,Yassine,Engineering,37249.19,36
363,Mohammed,HR,19117.96,50
364,Hiba,HR,28476.14,52
365,Omar,Finance,49460.29,21
366,Hiba,Sales,61755.15,40
367,Vanessa,Engineering,27837.51,49
368,Omar,Sales,8367.07,33
369,Sara,HR,71349.31,38
370,Vanessa,Finance,67335.58,34
371,Aicha,Finance,11811.85,38
372,Yassine,Sales,22979.91,28
373,Omar,Marketing,79139.10,56
374,Yassine,Engineering,15408.61,42
375,Amina,Finance,76041.34,31
376,Vanessa,HR,36813.48,24
377,Hiba,Marketing,33911.71,43
378,Aicha,Marketing,72736.59,38
379,Yassine,Engineering,63055.29,21
380,Vanessa,Sales,70707.84,58
381,Mohammed,HR,14177.91,48
382,Vanessa,Sales,23352.35,45
383,Sara,Finance,56233.36,31
384,Mohammed,Engineering,63417.31,28
385,Hiba,Sales,55130.15,48
386,Hiba,Marketing,49971.44,35
387,Vanessa,HR,77903.70,56
388,Amina,Marketing,78556.91,23
389,Yassine,Marketing,30593.83,35
390,Aicha,Marketing,22595.47,38
391,Sara,Engineering,64194.00,48
392,Aicha,Finance,17541.95,52
393,Mariam,Marketing,53213.63,37
394,Mariam,HR,58889.30,52
395,Yassine,Sales,75659.09,41
396,Mariam,Engineering,18576.59,23
397,Alex,Marketing,39489.33,29
398,Omar,Engineering,40152.73,22
399,Alex,Engineering,29709.11,41
400,Vanessa,Sales,76233.94,23
401,Amina,HR,63480.46,46
402,Yassine,Engineering,35718.85,53
403,Yassine,Marketing,40071.12,30
404,Amina,Engineering,63435.17,47
405,Mohammed,Marketing,63652.25,39
406,Sara,Engineering,59935.94,55
407,Mariam,Engineering,44818.67,54
408,Yassine,Sales,39529.23,42
409,Alex,Engineering,52381.12,46
410,Alex,Marketing,37191.32,21
411,Omar,Sales,67405.70,28
412,Sara,HR,44674.97,46
413,Alex,Sales,77647.26,31
414,Mohammed,Engineering,74503.41,36
415,Sara,Marketing,64775.30,39
416,Amina,Sales,39935.12,48
417,Amina,Engineering,47609.92,27
418,Amina,Engineering,27956.31,30
419,Hiba,HR,45739.57,29
420,Mohammed,HR,32633.40,24
421,Hiba,HR,70907.95,20
422,Alex,Marketing,31718.22,52
423,Mariam,Engineering,50825.19,38
424,Mariam,HR,13953.25,48
425,Amina,Finance,32099.60,22
426,Amina,Sales,50735.67,43
427,Yassine,Engineering,67659.96,53
428,Sara,Marketing,22946.45,30
429,Amina,Finance,65721.27,25
430,Mariam,Finance,61718.22,56
431,Mariam,Finance,52369.29,56
432,Omar,Sales,10673.31,27
433,Sara,Engineering,70701.05,34
434,Hiba,Finance,36137.83,48
435,Amina,Engineering,60618.58,38
436,Amina,Finance,48839.57,38
437,Mohammed,Engineering,29629.03,23
438,Alex,Engineering,67201.59,56
439,Aicha,Finance,55757.89,32
440,Alex,Marketing,51881.00,27
441,Mohammed,Sales,46607.72,57
442,Mohammed,Finance,24781.03,21
443,Mariam,HR,10509.43,49
444,Amina,Finance,64950.67,49
445,Mohammed,HR,56654.02,21
446,Yassine,HR,23883.98,41
447,Vanessa,Marketing,73917.19,57
448,Hiba,Sales,65787.87,28
449,Aicha,Marketing,76092.56,28
450,Amina,Marketing,68350.86,43
451,Alex,Sales,70610.47,46
452,Omar,Marketing,19218.42,56
453,Yassine,Sales,53890.77,25
454,Yassine,Engineering,32084.19,41
455,Amina,Engineering,43201.50,43
456,Yassine,Marketing,48404.86,45
457,Omar,Finance,16882.84,26
458,Aicha,HR,20443.78,45
459,Aicha,Marketing,61849.18,49
460,Mariam,HR,36408.50,21
461,Sara,Marketing,67384.43,54
462,Hiba,Sales,60747.50,25
463,Alex,Engineering,15310.34,25
464,Omar,Sales,78745.24,47
465,Alex,Finance,71506.08,29
466,Mohammed,Marketing,14525.11,31
467,Mohammed,Engineering,21422.69,29
468,Mariam,HR,20139.36,39
469,Vanessa,Sales,41853.29,37
470,Aicha,HR,47816.90,25
471,Omar,HR,66804.75,35
472,Sara,Finance,62456.94,29
473,Aicha,Engineering,56198.18,41
474,Mariam,HR,63056.39,42
475,Vanessa,Engineering,57123.24,41
476,Vanessa,Finance,47808.08,46
477,Amina,Engineering,16693.96,54
478,Omar,Marketing,53714.21,23
479,Mohammed,Engineering,40702.59,56
480,Mariam,Finance,31147.97,34
481,Alex,HR,26472.68,22
482,Omar,HR,34823.48,38
483,Mariam,Engineering,46290.03,55
484,Mariam,Marketing,52606.06,59
485,Alex,Marketing,19840.55,38
486,Hiba,Sales,27794.68,25
487,Mohammed,Engineering,27827.91,25
488,Vanessa,HR,25583.13,38
489,Alex,Sales,38207.73,59
490,Alex,Sales,60723.70,46
491,Vanessa,Marketing,49129.11,49
492,Omar,Finance,42853.25,57
493,Alex,Sales,71432.30,55
494,Hiba,Finance,16990.02,22
495,Mariam,Marketing,78034.64,58
496,Vanessa,Finance,16093.89,41
497,Aicha,Finance,22115.33,43
498,Aicha,Finance,69746.38,23
499,Aicha,Finance,38212.91,36
500,Mariam,Marketing,61168.90,54
501,Aicha,Marketing,70876.79,53
502,Amina,Marketing,73456.67,24
503,Amina,Finance,67120.46,58
504,Vanessa,HR,66957.67,37
505,Hiba,Marketing,35715.26,58
506,Alex,HR,58608.13,24
507,Omar,Sales,23291.49,47
508,Mohammed,Engineering,10535.43,34
509,Aicha,Finance,9778.69,45
510,Vanessa,Finance,31897.39,44
511,Vanessa,Marketing,14191.64,47
512,Mariam,Sales,41166.57,48
513,Sara,Marketing,58443.54,45
514,Hiba,Finance,58480.65,27
515,Aicha,Engineering,17118.11,27
516,Sara,Marketing,59101.66,54
517,Amina,Marketing,49336.81,22
518,Mohammed,Marketing,63326.10,23
519,Mariam,Sales,38435.26,37
520,Mariam,Marketing,23919.85,23
521,Alex,Sales,36283.72,31
522,Mariam,Finance,12475.13,50
523,Alex,Marketing,23811.47,58
524,Vanessa,Finance,60610.28,45
525,Aicha,Sales,44195.14,34
526,Amina,Marketing,14397.04,58
527,Aicha,Engineering,11700.42,22
528,Mariam,Engineering,45338.42,51
529,Aicha,HR,22316.47,40
530,Mariam,Sales,22024.43,27
531,Yassine,Sales,24348.03,42
532,Hiba,HR,76623.54,54
533,Omar,Finance,21366.19,27
534,Vanessa,HR,26021.53,39
535,Alex,HR,75985.30,24
536,Amina,Finance,37313.77,55
537,Vanessa,Marketing,22841.13,46
538,Aicha,Finance,11030.19,36
539,Alex,Sales,8097.45,24
540,Hiba,Sales,52260.51,24
541,Aicha,Engineering,20727.84,48
542,Alex,HR,15846.41,49
543,Yassine,Finance,16872.41,28
544,Alex,Marketing,58067.60,40
545,Mohammed,HR,49230.73,38
546,Alex,HR,49619.09,38
547,Hiba,Marketing,22884.89,47
548,Alex,Sales,26947.89,52
549,Yassine,HR,12727.87,31
550,Omar,HR,26270.45,40
551,Sara,Finance,39149.45,27
552,Hiba,Marketing,44912.78,51
553,Vanessa,Engineering,13439.36,41
554,Amina,HR,22578.59,45
555,Omar,Engineering,60884.15,56
556,Yassine,HR,67725.81,38
557,Mariam,HR,49312.85,41
558,Yassine,Sales,47026.22,26
559,Vanessa,Engineering,67298.74,33
560,Mariam,Engineering,14870.08,50
561,Mariam,Sales,18089.22,33
562,Mariam,HR,29019.55,54
563,Mariam,Finance,11715.93,24
564,Mariam,Engineering,34938.81,59
565,Sara,Marketing,39731.17,51
566,Mariam,Finance,38956.56,26
567,Sara,Sales,27233.37,51
568,Yassine,Marketing,36209.41,39
569,Yassine,Engineering,32321.97,51
570,Omar,Finance,59539.09,56
571,Vanessa,Sales,33445.70,24
572,Alex,Marketing,16681.44,20
573,Alex,Finance,21742.59,25
574,Vanessa,Engineering,17466.38,21
575,Sara,HR,72603.52,42
576,Alex,Finance,57648.00,23
577,Vanessa,Engineering,32107.05,36
578,Yassine,Sales,59134.26,28
579,Omar,Engineering,76746.14,38
580,Hiba,Finance,63156.96,41
581,Mohammed,Finance,48899.65,43
582,Omar,Marketing,16232.07,55
583,Yassine,Marketing,71191.82,31
584,Sara,Finance,69852.49,40
585,Omar,Finance,74457.42,37
586,Mariam,Finance,16342.99,44
587,Mariam,Sales,67309.36,22
588,Omar,HR,59146.55,47
589,Amina,Engineering,27949.06,49
590,Omar,Engineering,40102.38,42
591,Sara,Finance,64361.76,39
592,Amina,Sales,78055.61,26
593,Mohammed,Marketing,13010.99,49
594,Amina,Sales,53566.04,30
595,Amina,Engineering,46664.41,53
596,Hiba,Engineering,64075.75,26
597,Aicha,Sales,57033.90,24
598,Omar,Sales,10726.10,31
599,Mohammed,HR,79218.69,38
600,Amina,Finance,9012.31,25
601,Omar,Engineering,71693.78,44
602,Vanessa,HR,38249.57,42
603,Alex,Marketing,23875.88,49
604,Vanessa,Marketing,24703.57,51
605,Omar,Engineering,27260.37,45
606,Omar,Marketing,73293.58,58
607,Omar,Finance,57088.04,29
608,Hiba,Finance,16184.18,33
609,Amina,Finance,9688.65,51
610,Sara,Sales,13585.03,23
611,Mariam,HR,24169.74,20
612,Alex,Engineering,33249.19,58
613,Alex,HR,9325.71,38
614,Mohammed,Engineering,19880.58,57
615,Yassine,Marketing,51110.90,45
616,Omar,HR,27955.39,40
617,Sara,Sales,30691.39,32
618,Mohammed,Sales,64609.37,26
619,Alex,HR,35352.93,25
620,Mohammed,HR,55809.82,52
621,Amina,Finance,29286.52,30
622,Hiba,HR,50234.54,53
623,Yassine,Finance,48202.24,43
624,Hiba,Marketing,68846.83,31
625,Mohammed,HR,32443.55,21
626,Mariam,Finance,19065.07,39
627,Hiba,Engineering,56963.39,35
628,Alex,Finance,76212.64,22
629,Alex,Finance,43179.68,39
630,Mohammed,Marketing,26444.86,40
631,Omar,HR,18312.52,21
632,Vanessa,Sales,9109.90,33
633,Vanessa,Engineering,26789.46,53
634,Hiba,Marketing,16106.45,21
635,Mariam,Marketing,18407.67,50
636,Mariam,HR,40982.72,24
637,Yassine,Finance,41090.90,24
638,Aicha,Engineering,79790.62,53
639,Yassine,Finance,54878.60,49
640,Hiba,Marketing,51744.85,34
641,Sara,HR,42012.44,24
642,Hiba,HR,11914.65,21
643,Vanessa,Sales,38913.49,55
644,Hiba,Finance,43897.77,34
645,Mohammed,Finance,63398.59,22
646,Vanessa,Engineering,8160.16,42
647,Yassine,Sales,48545.31,58
648,Yassine,Engineering,71903.06,24
649,Amina,HR,43963.17,29
650,Omar,Finance,25510.89,27
651,Mariam,Engineering,41944.92,44
652,Omar,Marketing,29639.81,34
653,Amina,HR,63303.68,28
654,Sara,Engineering,32789.24,56
655,Amina,Marketing,31684.28,35
656,Omar,HR,57796.53,21
657,Sara,HR,20501.08,23
658,Yassine,Finance,40533.75,43
659,Hiba,HR,13798.28,46
660,Mohammed,Engineering,37342.85,36
661,Amina,Finance,72388.87,28
662,Vanessa,Engineering,67665.33,57
663,Alex,HR,23931.91,59
664,Sara,Marketing,28651.79,59
665,Alex,Marketing,29027.17,51
666,Vanessa,HR,57472.82,37
667,Vanessa,HR,74416.99,37
668,Mariam,Sales,22374.66,39
669,Hiba,Sales,75833.35,53
670,Vanessa,HR,77797.85,49
671,Sara,Finance,34913.77,42
672,Mohammed,Finance,35909.91,38
673,Sara,Marketing,69394.71,29
674,Sara,Marketing,67827.89,33
675,Vanessa,HR,64034.11,48
676,Mariam,Engineering,76479.79,38
677,Omar,Engineering,53042.27,29
678,Sara,Sales,59654.98,46
679,Mohammed,Sales,71517.97,56
680,Amina,Finance,44787.79,29
681,Mariam,Engineering,42242.06,40
682,Hiba,HR,8889.15,27
683,Mariam,Sales,30071.49,51
684,Mohammed,Engineering,68450.25,36
685,Vanessa,Finance,43832.59,46
686,Mohammed,Sales,76420.05,47
687,Mohammed,HR,9525.33,42
688,Sara,Engineering,36480.56,40
689,Hiba,Finance,65799.46,53
690,Amina,Engineering,47310.43,31
691,Amina,Sales,64794.69,43
692,Alex,HR,53779.01,54
693,Amina,Engineering,19950.08,27
694,Hiba,HR,54321.31,56
695,Alex,Sales,23099.50,46
696,Yassine,HR,46698.41,42
697,Aicha,HR,44479.86,48
698,Alex,Sales,31374.37,46
699,Sara,Marketing,43543.47,54
700,Hiba,Finance,36290.77,53
701,Mohammed,Marketing,64574.89,33
702,Alex,Finance,14141.00,35
703,Mariam,Marketing,32585.70,36
704,Alex,Sales,79895.76,32
705,Omar,Engineering,10071.04,33
706,Amina,Sales,53824.58,23
707,Alex,Sales,33927.55,21
708,Omar,HR,31533.51,57
709,Omar,Sales,8606.08,40
710,Mohammed,Engineering,42110.93,40
711,Yassine,Marketing,43261.55,44
712,Aicha,Finance,46464.39,57
713,Alex,Sales,31104.89,22
714,Aicha,Marketing,43366.60,54
715,Omar,Finance,56197.94,52
716,Omar,Marketing,24753.21,55
717,Mariam,Finance,73897.98,49
718,Mariam,Finance,60753.39,30
719,Mariam,Sales,65129.44,44
720,Aicha,Marketing,62326.25,52
721,Omar,Sales,55986.76,42
722,Sara,Engineering,57416.28,40
723,Omar,HR,26074.29,38
724,Mohammed,Marketing,23563.39,27
725,Sara,Marketing,78254.58,56
726,Alex,Sales,38827.81,23
727,Vanessa,Finance,46534.64,57
728,Aicha,Marketing,42775.96,44
729,Amina,Engineering,16726.14,51
730,Amina,Finance,9400.07,44
731,Amina,Sales,47629.20,26
732,Hiba,Finance,24960.06,45
733,Mariam,Sales,60870.42,32
734,Vanessa,Sales,24395.18,47
735,Yassine,Marketing,10338.98,35
736,Aicha,HR,59086.81,54
737,Mariam,Finance,24617.43,29
738,Yassine,Sales,26889.20,35
739,Hiba,Engineering,49400.51,58
740,Hiba,Marketing,76121.90,32
741,Vanessa,HR,62039.66,59
742,Omar,Marketing,40113.66,45
743,Sara,Sales,78575.11,59
744,Hiba,Sales,47308.25,25
745,Mariam,Finance,40977.56,25
746,Mohammed,Finance,62075.42,24
747,Mohammed,Finance,31723.12,56
748,Omar,Sales,52474.19,46
749,Sara,Engineering,29337.62,57
750,Mariam,Marketing,69230.53,56
751,Aicha,Engineering,29951.78,53
752,Sara,Sales,35846.98,28
753,Mohammed,Marketing,21055.01,59
754,Yassine,Engineering,59573.13,33
755,Mariam,HR,69342.01,50
756,Aicha,Sales,40784.57,45
757,Sara,HR,40111.97,46
758,Mariam,HR,12337.12,42
759,Sara,HR,38275.63,56
760,Hiba,HR,11837.60,43
761,Mohammed,HR,23482.36,45
762,Mariam,Sales,64259.01,59
763,Mohammed,Finance,34688.67,21
764,Amina,Sales,43597.35,28
765,Sara,Finance,43003.49,38
766,Mariam,Finance,48804.93,56
767,Alex,Marketing,8800.77,43
768,Mohammed,Engineering,11973.14,35
769,Mohammed,Marketing,47152.69,22
770,Omar,Marketing,35836.94,25
771,Omar,Marketing,37773.23,27
772,Hiba,Marketing,34102.37,22
773,Amina,Finance,9349.30,50
774,Aicha,Finance,52922.73,32
775,Vanessa,Finance,15712.11,55
776,Hiba,HR,25379.65,49
777,Omar,HR,34157.70,40
778,Yassine,Finance,27042.43,38
779,Mariam,Engineering,74464.97,54
780,Mohammed,Marketing,51573.44,45
781,Mariam,Finance,60703.96,50
782,Mariam,Finance,9105.93,25
783,Mohammed,Sales,27394.35,49
784,Yassine,HR,10283.08,22
785,Alex,Marketing,49433.23,51
786,Hiba,HR,42877.52,30
787,Alex,Engineering,48004.40,43
788,Aicha,HR,76800.35,24
789,Hiba,Finance,49347.12,58
790,Mohammed,Finance,79151.20,46
791,Sara,HR,18833.34,39
792,Aicha,Sales,16630.86,29
793,Omar,HR,51015.91,44
794,Hiba,HR,8993.56,40
795,Mariam,Sales,34910.01,58
796,Amina,Finance,72477.75,37
797,Alex,Marketing,78528.65,31
798,Sara,Sales,41360.72,27
799,Omar,HR,48442.18,40
800,Hiba,Finance,9494.58,58
801,Aicha,Finance,59322.12,25
802,Omar,Marketing,22315.79,30
803,Omar,Marketing,14013.50,34
804,Mariam,Finance,15302.88,55
805,Vanessa,Finance,70335.49,48
806,Alex,Marketing,78462.12,22
807,Mohammed,Finance,39799.52,29
808,Sara,HR,14994.30,44
809,Yassine,HR,23618.61,44
810,Yassine,Finance,12230.38,35
811,Mariam,Finance,66177.42,40
812,Omar,HR,72573.58,41
813,Alex,Marketing,33446.97,32
814,Alex,Sales,58601.74,55
815,Mohammed,HR,65233.02,52
816,Mohammed,Engineering,61648.93,28
817,Hiba,HR,28861.68,30
818,Vanessa,Marketing,66131.05,51
819,Yassine,Marketing,18319.34,30
820,Yassine,Sales,54366.87,32
821,Mohammed,Marketing,46678.34,56
822,Aicha,Sales,27290.28,47
823,Hiba,Sales,61876.00,26
824,Alex,Finance,25471.34,36
825,Alex,Engineering,70339.82,35
826,Yassine,Engineering,48848.76,22
827,Hiba,Sales,72687.44,21
828,Alex,Marketing,14917.35,37
829,Yassine,Finance,21094.83,22
830,Amina,HR,16031.60,28
831,Yassine,HR,33770.90,22
832,Mariam,Sales,34790.91,56
833,Aicha,Sales,63062.34,26
834,Mohammed,HR,67465.06,21
835,Aicha,Sales,42902.00,46
836,Mariam,Finance,15604.11,48
837,Omar,Marketing,73611.69,27
838,Sara,Finance,43467.00,59
839,Sara,HR,57788.35,58
840,Sara,Marketing,30700.16,24
841,Hiba,HR,79594.50,50
842,Hiba,Finance,65235.51,58
843,Sara,HR,36098.42,26
844,Yassine,Engineering,60993.44,45
845,Alex,HR,30378.25,38
846,Aicha,Marketing,33218.62,44
847,Mariam,HR,8575.79,26
848,Omar,Sales,43186.32,35
849,Yassine,Sales,40047.40,56
850,Amina,Sales,42826.90,28
851,Vanessa,Engineering,47576.91,39
852,Hiba,Finance,62674.03,58
853,Mariam,HR,34876.77,51
854,Alex,Marketing,59217.66,25
855,Mariam,HR,48445.27,45
856,Sara,Finance,75422.63,37
857,Amina,Engineering,19188.60,22
858,Yassine,Sales,77797.95,25
859,Vanessa,Finance,58685.00,20
860,Mariam,HR,61160.21,31
861,Sara,Finance,71550.13,25
862,Vanessa,Finance,38154.10,46
863,Mohammed,Sales,56055.09,49
864,Vanessa,Finance,53358.37,50
865,Alex,Marketing,76147.48,43
866,Omar,HR,12230.05,26
867,Amina,Engineering,10228.77,57
868,Amina,Engineering,35928.08,36
869,Hiba,Marketing,54904.44,29
870,Hiba,HR,47786.62,42
871,Sara,HR,20935.26,24
872,Hiba,Sales,46660.52,40
873,Alex,Sales,43946.95,47
874,Alex,Sales,27641.22,57
875,Sara,Marketing,38529.35,33
876,Aicha,HR,57688.12,22
877,Alex,Sales,8416.39,41
878,Yassine,Marketing,11202.75,36
879,Vanessa,Engineering,41352.23,39
880,Aicha,Engineering,52224.13,24
881,Mohammed,Sales,71100.96,21
882,Aicha,Marketing,69792.73,37
883,Vanessa,Finance,65311.56,41
884,Amina,HR,29287.13,50
885,Aicha,Marketing,47207.12,25
886,Vanessa,Sales,54720.88,47
887,Mariam,Engineering,26703.56,20
888,Amina,Finance,76882.52,36
889,Sara,Engineering,13775.29,49
890,Omar,HR,31724.63,45
891,Aicha,HR,57931.55,56
892,Mariam,Marketing,14171.55,55
893,Aicha,Finance,79327.79,34
894,Yassine,Engineering,52977.38,54
895,Aicha,Finance,50578.46,37
896,Aicha,HR,21612.39,34
897,Mariam,Finance,42516.57,26
898,Sara,Engineering,71333.00,25
899,Hiba,Engineering,31021.01,31
900,Mohammed,Marketing,36132.87,56
901,Omar,Marketing,72634.56,50
902,Amina,Finance,22843.63,48
903,Hiba,Engineering,78815.52,29
904,Omar,HR,67443.23,39
905,Aicha,Sales,68312.57,23
906,Amina,Sales,70028.17,20
907,Sara,Finance,64445.58,48
908,Mohammed,Finance,27095.32,47
909,Yassine,Finance,13613.61,37
910,Omar,Marketing,22169.16,45
911,Aicha,HR,68334.30,40
912,Alex,HR,61444.11,45
913,Yassine,Engineering,24754.49,50
914,Omar,Finance,39489.67,43
915,Hiba,HR,9545.53,25
916,Aicha,HR,36994.79,26
917,Mariam,Marketing,71149.53,28
918,Mohammed,Engineering,65949.04,54
919,Omar,Sales,61212.59,27
920,Hiba,Marketing,15575.37,45
921,Hiba,Finance,34329.83,57
922,Mohammed,Engineering,38260.63,38
923,Omar,Engineering,33946.94,23
924,Mohammed,Finance,61337.24,58
925,Sara,Finance,68113.46,45
926,Vanessa,Marketing,19364.71,24
927,Aicha,HR,68426.70,22
928,Alex,HR,13856.62,21
929,Alex,Engineering,53382.15,50
930,Omar,Finance,28900.30,22
931,Vanessa,Sales,18802.15,29
932,Mariam,Marketing,47813.67,47
933,Vanessa,Sales,68779.81,48
934,Amina,Engineering,64249.49,33
935,Sara,Marketing,24867.25,59
936,Yassine,Engineering,38216.37,35
937,Sara,Marketing,68031.99,28
938,Vanessa,Sales,33640.45,21
939,Hiba,Engineering,23138.33,36
940,Sara,HR,69387.99,52
941,Vanessa,Sales,54463.57,46
942,Alex,Finance,58881.25,33
943,Sara,Finance,37688.32,55
944,Mohammed,HR,46553.06,47
945,Sara,Sales,54360.93,58
946,Mohammed,Engineering,11967.70,49
947,Amina,Engineering,16063.49,50
948,Mariam,Sales,25563.08,41
949,Alex,Engineering,35402.77,49
950,Yassine,HR,64606.42,49
951,Amina,Finance,39743.19,22
952,Alex,Sales,11950.86,20
953,Omar,Finance,56418.60,57
954,Mariam,Marketing,39280.50,24
955,Mariam,Marketing,40899.52,29
956,Alex,HR,76069.48,51
957,Vanessa,Finance,77793.63,32
958,Hiba,Marketing,24651.06,39
959,Mariam,Marketing,46805.08,32
960,Hiba,Sales,71658.10,39
961,Hiba,Engineering,51120.19,39
962,Hiba,Finance,75745.92,29
963,Aicha,Engineering,35882.10,38
964,Mariam,Marketing,50010.02,45
965,Hiba,Marketing,27018.61,41
966,Omar,Marketing,34576.24,48
967,Mariam,HR,13466.79,32
968,Mohammed,Finance,62349.95,38
969,Alex,Sales,71860.06,36
970,Mariam,Sales,62708.19,25
971,Mariam,Finance,45887.74,33
972,Aicha,Marketing,44533.08,50
973,Alex,Finance,29490.55,31
974,Omar,HR,16186.56,44
975,Yassine,Engineering,68058.24,49
976,Aicha,Marketing,70361.20,34
977,Mohammed,HR,40674.58,42
978,Mariam,Engineering,14477.21,59
979,Yassine,Engineering,38718.45,33
980,Sara,Engineering,66395.93,32
981,Aicha,Marketing,40168.68,44
982,Mohammed,HR,57302.31,22
983,Yassine,Sales,49616.39,57
984,Mariam,Sales,57988.88,53
985,Mohammed,Marketing,16045.28,46
986,Aicha,Finance,74052.08,40
987,Omar,HR,35794.82,45
988,Vanessa,Engineering,77318.79,38
989,Alex,HR,78685.40,29
990,Aicha,Sales,56657.08,56
991,Vanessa,Engineering,49887.33,31
992,Yassine,Marketing,27628.84,20
993,Aicha,Finance,59941.23,38
994,Yassine,Engineering,12311.09,42
995,Hiba,Marketing,20678.76,55
996,Alex,Engineering,75819.39,31
997,Hiba,Finance,32155.11,51
998,Mariam,Engineering,56284.46,26
999,Amina,Engineering,64535.42,23
1000,Sara,HR,26424.03,45
